<?xml version="1.0" encoding="UTF-8"?>


<beans  xmlns = "http://www.springframework.org/schema/beans"
   xmlns:xsi = "http://www.w3.org/2001/XMLSchema-instance"
   xmlns:context = "http://www.springframework.org/schema/context"
   xsi:schemaLocation = "http://www.springframework.org/schema/beans
   http://www.springframework.org/schema/beans/spring-beans-4.0.xsd
   http://www.springframework.org/schema/context
   http://www.springframework.org/schema/context/spring-context-4.0.xsd">
   
   
   <context:component-scan base-package="com.voila.FirstSpring"></context:component-scan>
	<!-- <bean id="vehicle" class="com.voila.FirstSpring.Bike"></bean> output will be bike instance ->Bhag rha h -->
	<bean id="tyre" class="com.voila.FirstSpring.Tyre">
		<!-- <property name="brand" value="CEAT"></property> -->
		<!-- for constructor Injection we need noot of property tag -->
		
		<constructor-arg value="MRF"></constructor-arg>
	</bean>
</beans>